USE CognizantAdvancedSQL;
GO

DROP TABLE IF EXISTS OrderDetails;
DROP TABLE IF EXISTS Orders;
DROP TABLE IF EXISTS Products;
DROP TABLE IF EXISTS Customers;
GO

CREATE TABLE Customers (
    CustomerID INT PRIMARY KEY,
    Name VARCHAR(100),
    Region VARCHAR(50)
);

CREATE TABLE Products (
    ProductID INT PRIMARY KEY,
    ProductName VARCHAR(100),
    Category VARCHAR(50),
    Price DECIMAL(10,2)
);

CREATE TABLE Orders (
    OrderID INT PRIMARY KEY NONCLUSTERED,
    CustomerID INT,
    OrderDate DATE,
    FOREIGN KEY (CustomerID) REFERENCES Customers(CustomerID)
);

CREATE TABLE OrderDetails (
    OrderDetailID INT PRIMARY KEY,
    OrderID INT,
    ProductID INT,
    Quantity INT,
    FOREIGN KEY (OrderID) REFERENCES Orders(OrderID),
    FOREIGN KEY (ProductID) REFERENCES Products(ProductID)
);

INSERT INTO Customers VALUES
(1,'Alice','North'),
(2,'Bob','South'),
(3,'Charlie','East'),
(4,'David','West');

INSERT INTO Products VALUES
(1,'Laptop','Electronics',1200),
(2,'Smartphone','Electronics',800),
(3,'Tablet','Electronics',600),
(4,'Headphones','Accessories',150);

INSERT INTO Orders VALUES
(1,1,'2023-01-15'),
(2,2,'2023-02-20'),
(3,3,'2023-03-25'),
(4,4,'2023-04-30');

INSERT INTO OrderDetails VALUES
(1,1,1,1),
(2,2,2,2),
(3,3,3,1),
(4,4,4,3);

-- Before Composite Index
SELECT *
FROM Orders
WHERE CustomerID = 1
AND OrderDate = '2023-01-15';
GO

-- Create Composite Index
CREATE NONCLUSTERED INDEX IX_Orders_CustomerID_OrderDate
ON Orders(CustomerID, OrderDate);
GO

-- After Composite Index
SELECT *
FROM Orders
WHERE CustomerID = 1
AND OrderDate = '2023-01-15';
GO

-- Verify Index
SELECT
    name,
    type_desc
FROM sys.indexes
WHERE object_id = OBJECT_ID('Orders');